[
    {
        "channel": "https://t.me/underagePYT",
        "uploaded": [
            "/root/bot2/botazel1/liloutput/116.mp4",
            "/root/bot2/botazel1/liloutput/fhdghfgdhfdg",
            "/root/bot2/botazel1/liloutput/gdfsgfdsgfds",
            "/root/bot2/botazel1/liloutput/45g45g4g45g",
            "/root/bot2/botazel1/liloutput/geegegeg",
            "/root/bot2/botazel1/liloutput/dfhghfgdhfgd"
        ],
        "last_upload": 2064296
    },
    {
        "channel": "https://t.me/pyt64",
        "uploaded": [
            "/root/bot2/botazel1/liloutput/g45g54g54g",
            "/root/bot2/botazel1/liloutput/jhfgjfdhjgdf",
            "/root/bot2/botazel1/liloutput/g4545g54g54g",
            "/root/bot2/botazel1/liloutput/tyjytjyjtjytyjt",
            "/root/bot2/botazel1/liloutput/safsdafasd"
        ],
        "last_upload": 2058703
    }
]