[
    {"key": "sk-xCI5fXxIUek1c8Y02b720e8c343140CbB2Fb6eDb72EcB315"},
    {"key": "sk-9Ipo60TODVtxAyNLAbB03eE9Cd274fA3824e6aBf4440E192"},
    {"key": "sk-UpnCfqX5Nei9KIIjDc74Da663a5e472eA7D58e5f81CcE4Cd"},
    {"key": "sk-VKZIPkA3GAgbPibp516bF4C3945d47529f68C562C8D572De"},
    {"key": "sk-d2rdPjn47ze4Ykq55eD61b7b6e534727B8A13426Ab7838B5"},
    {"key": "sk-N3pZyZvxYfrGaQQkB25cB586Da2e4b60A656C85f857391Fe"},
    {"key": "sk-WtHLk4f63l0xLtrbC79c9cA69aDf4c1d853dF31852018668"},
    {"key": "sk-wpu9LQ6aM0JMejq1E858699086F64717B00d5196CdEc1c3d"},
    {"key": "sk-XpjtkHA0iZb8bRFUAeAd72656dBa4520A1E3E4867bCe420e"},
    {"key": "sk-MYiGk74S6vEv0s2M15C2E764B75744038843457c4b56AcEa"}
]
